{
    "PeTra": [80.762, 82.362, 84.1, 83.968, 84.646, 85.088, 84.454, 84.59, 83.946, 82.988],
    "PeTra + Learned Init": [78.684, 80.944, 81.382, 82.498, 82.642, 83.856, 83.262, 83.826, 83.334, 84.01],
    "PeTra + Fixed Key": [79.08 , 82.006, 83.076, 84.91 , 82.928, 83.758, 83.842, 83.782, 82.416, 82.684],
    "Referential Reader": [81.33456, 82.5649 , 83.02866, 81.70374, 81.7642, 81.4678, 81.01318, 82.212, 80.81188, 81.42414]
}
